profile_name,profile_url,post_text,post_date_text,post_date,day_of_week,hour_of_day,reactions,comments,reposts,total_engagement,hashtags,hashtag_count,post_length,scraped_at,session_id
Archit Anand,https://www.linkedin.com/in/archit-anand,"ğŸ“Š Creative ideas are easy. Scalable ones? Thatâ€™s where most brands fail.
We broke down the 5 tools top DTC and performance teams are using in 2025 to scale ad creative across Meta, TikTok, and Google â€” without wasting budget or time.

Inside this 10-slide deck: 
âœ… The full creative tech stack
 1) Tools for smart ad variation + fatigue detection
 2) Creative performance insights driven by AI
 3)Built-in testing workflows

If you're still running ads based on gut feel, this will help you switch to a system that actually scales.
ğŸ§  Built for creative strategists, performance marketers, and founders who want to test smarter â€” not just more.

ğŸ¯ Want a free AI-powered audit of your ad account?
 Comment â€œAI Auditâ€ below and Iâ€™ll DM you the link to request it.
Or save this for your next creative sprint.

hashtag
#DTCMarketing 
hashtag
#PerformanceAds 
hashtag
#MediaBuying 
hashtag
#CreativeStrategy 
hashtag
#AdFatigue 
hashtag
#Fuelgrowth 
hashtag
#MarketingAI 
hashtag
#AdTech 
hashtag
#ScalingAds 
hashtag
#DigitalMarketingTools","1d â€¢ 
 1 day ago â€¢ Visible to anyone on or off LinkedIn",2025-04-24 18:59:24,Thursday,18,0,1,1,2,"#DTCMarketing, #PerformanceAds, #MediaBuying, #CreativeStrategy, #AdFatigue, #Fuelgrowth, #MarketingAI, #AdTech, #ScalingAds, #DigitalMarketingTools",10,1035,2025-04-25 18:59:24,994af258
Archit Anand,https://www.linkedin.com/in/archit-anand,"We broke down over $1,000,000 in Meta ad spend.

And now you can too. (And it's free this week ğŸ˜Š) 

ğŸ’¥ Our newest feature gives you full access to your competitors' active ads 
 But thatâ€™s just the start.

Not to copy it â€” but to understand what actually works.

With Fuelgrowth, you can now: 
â†’ See every live ad theyâ€™re running
â†’ Understand their posting calendar â€” what goes live, when, and how often
â†’ Break down the hooks, formats, and creative angles that perform
â†’ Spot their winning patterns before they scale
â†’ Compare it against your own creative performance

You donâ€™t need to guess what the best brands are testing.

You can reverse-engineer their playbook.

âœ… Use it to inspire your next test
âœ… Benchmark your ROAS-ready creative
âœ… Or finally answer: â€œWhat are they doing that weâ€™re missing?â€

Weâ€™re making ad intelligence actionable â€” and finally useful for performance teams.

Want to try it on your top 3 competitors?

Comment ""Competitor"" and weâ€™ll send over a free breakdown.

hashtag
#PerformanceMarketing 
hashtag
#MetaAds 
hashtag
#CompetitiveIntelligence 
hashtag
#CreativeStrategy 
hashtag
#Fuelgrowth 
hashtag
#DTCGrowth 
hashtag
#MarketingAI","2d â€¢ 
 2 days ago â€¢ Visible to anyone on or off LinkedIn",2025-04-23 18:59:25,Wednesday,18,0,2,1,3,"#PerformanceMarketing, #MetaAds, #CompetitiveIntelligence, #CreativeStrategy, #Fuelgrowth, #DTCGrowth, #MarketingAI",7,1165,2025-04-25 18:59:25,994af258
Archit Anand,https://www.linkedin.com/in/archit-anand,"â€œMore testing = more scale.â€

Thatâ€™s the biggest lie in performance marketing right now.

Weâ€™ve audited 100+ ad accounts this year.
And hereâ€™s what we found:

â†’ Most brands are testing random ideas
 â†’ They wait for ads to die, then chase the next one
 â†’ They burn budget without a system
 â†’ They rely on hope, not data

The brands that win?
They donâ€™t just test more.
They test smarter.

âœ… They analyze whatâ€™s working
âœ… They use AI to spot patterns
âœ… They detect fatigue early
âœ… And they scale with confidence

If youâ€™re still running creative on guesswork â€”
This carousel breaks down the better way to scale.
ğŸ‘‰ Swipe through

ğŸ‘‡ Follow Archit Anand for more such Breakdowns

hashtag
#PerformanceMarketing 
hashtag
#MetaAds 
hashtag
#CreativeStrategy 
hashtag
#DTCGrowth 
hashtag
#MarketingAI 
hashtag
#Fuelgrowth","3d â€¢ 
 3 days ago â€¢ Visible to anyone on or off LinkedIn",2025-04-22 18:59:27,Tuesday,18,14,0,0,14,"#PerformanceMarketing, #MetaAds, #CreativeStrategy, #DTCGrowth, #MarketingAI, #Fuelgrowth",6,812,2025-04-25 18:59:27,994af258
Archit Anand,https://www.linkedin.com/in/archit-anand,"â€œWill AI replace creatives?â€

Not until clients can accurately describe what they want ğŸ˜…

So yes â€” creatives, youâ€™re safe.
(And to be clear: weâ€™re not trying to replace you either.)

Because creative isnâ€™t just a nice-to-have â€” itâ€™s the #1 performance lever for brands.

At Fuelgrowth, weâ€™ve seen this over and over again:
 â†’ Brands donâ€™t fail because of bad media buying
 â†’ They fail because they never found the right creative system

So this week, Iâ€™m sharing what weâ€™ve learned from auditing 100+ ad accounts â€”
 The real reasons ROAS drops
 The hidden fatigue patterns

And how we use AI to spot winning concepts before they scale

If you run ads, lead performance, or are just tired of guesswork â€”

This oneâ€™s for you.

Stay tuned and follow for moreâœŒï¸
 (No breakdowns, just better systems.)

Drop â€œadsâ€ below and Iâ€™ll send you the invite (must be connected)

hashtag
#CreativeStrategy 
hashtag
#MetaAds 
hashtag
#PerformanceMarketing 
hashtag
#Fuelgrowth 
hashtag
#GrowthSystems 
hashtag
#MarketingAI 
hashtag
#DTCGrowth","6d â€¢ 
 6 days ago â€¢ Visible to anyone on or off LinkedIn",2025-04-19 18:59:29,Saturday,18,7,0,0,7,"#1, #CreativeStrategy, #MetaAds, #PerformanceMarketing, #Fuelgrowth, #GrowthSystems, #MarketingAI, #DTCGrowth",8,1026,2025-04-25 18:59:29,994af258
Archit Anand,https://www.linkedin.com/in/archit-anand,"Ad I loved recently:

Nikeâ€™s â€œSomeday is not a day of the week.â€

At first glance, it's just a clever one-liner.
But look closerâ€”and youâ€™ll see why it works so well.

ğŸ” 1. It defines a clear enemy.
Nike isnâ€™t competing with other brands here.
Theyâ€™re calling out:
âŒ Procrastination
âŒ Excuses
âŒ That inner voice saying â€œlaterâ€
â€œSomedayâ€ becomes the symbol of inactionâ€”and they strike it out, visually and conceptually.

ğŸ§  2. It reframes time.
Most people wait for the perfect moment.
This line flips that:
You donâ€™t need â€œsomedayâ€â€”you need today.

ğŸ”¥ 3. Itâ€™s brand-consistent.
This is â€œJust Do Itâ€ reimagined.
Same soul. New packaging.
No product push. No fluff.
Just truth that sticks.

Thatâ€™s how you create an ad that shifts mindsetâ€”not just sales.

ğŸ‘‰ If you like breakdowns like this, follow me for more ad psychology, brand storytelling, and performance insights.
hashtag
#AdBreakdown 
hashtag
#BrandStrategy 
hashtag
#NikeMarketing 
hashtag
#CreativeStrategy 
hashtag
#JustDoIt","1w â€¢ 
 1 week ago â€¢ Visible to anyone on or off LinkedIn",2025-04-18 18:59:31,Friday,18,0,1,0,1,"#AdBreakdown, #BrandStrategy, #NikeMarketing, #CreativeStrategy, #JustDoIt",5,981,2025-04-25 18:59:31,994af258
